<?xml version="1.0" encoding="UTF-8"?>
<project-private xmlns="http://www.netbeans.org/ns/project-private/1">
    <editor-bookmarks xmlns="http://www.netbeans.org/ns/editor-bookmarks/2" lastBookmarkId="0"/>
    <open-files xmlns="http://www.netbeans.org/ns/projectui-open-files/2">
        <group>
            <file>file:/Users/Meli/Downloads/ProjetJava-2/src/main/images/classroom_48px.png</file>
            <file>file:/Users/Meli/Downloads/ProjetJava-2/src/vue/MStudents.java</file>
            <file>file:/Users/Meli/Downloads/ProjetJava-2/src/vue/Acceuil.java</file>
            <file>file:/Users/Meli/Downloads/ProjetJava-2/src/vue/Mstudent.java</file>
            <file>file:/Users/Meli/Downloads/ProjetJava-2/src/vue/CreerEtu.java</file>
            <file>file:/Users/Meli/Downloads/ProjetJava-2/src/JDBC/JlistExampke.java</file>
            <file>file:/Users/Meli/Downloads/ProjetJava-2/src/vue/Home.java</file>
            <file>file:/Users/Meli/Downloads/ProjetJava-2/src/JDBC/Affichage.java</file>
        </group>
    </open-files>
</project-private>
