<?xml version="1.0" encoding="UTF-8"?>
<project-private xmlns="http://www.netbeans.org/ns/project-private/1">
    <editor-bookmarks xmlns="http://www.netbeans.org/ns/editor-bookmarks/2" lastBookmarkId="0"/>
    <open-files xmlns="http://www.netbeans.org/ns/projectui-open-files/2">
        <group>
            <file>file:/Users/lyly/Desktop/ING3/Java/ProjetJava/src/Controleur/Connexion.java</file>
            <file>file:/Users/lyly/Desktop/ING3/Java/ProjetJava/src/vue/Main.java</file>
            <file>file:/Users/lyly/Desktop/ING3/Java/ProjetJava/src/vue/Home.java</file>
            <file>file:/Users/lyly/Desktop/ING3/Java/ProjetJava/src/Controleur/CreateStudent.java</file>
            <file>file:/Users/lyly/Desktop/ING3/Java/ProjetJava/src/vue/Student.java</file>
        </group>
    </open-files>
</project-private>
